cont_inst_code;cont_inst_first_name;cont_inst_last_name;cont_inst_phone;cont_inst_email;cont_inst_job
1;Practical SMTP Metrics;transmitting Mozambique Avenue;navigate;Terrace Home Fantastic;end-to-end Fresh
2;unleash dedicated Industrial;Computer feed;Producer Loan quantifying;Officer;Tasty
3;Operations back-end;Account Administrator web-enabled;Anguilla;Pants;Awesome feed
4;incentivize;Stream;Idaho Belarus;Steel withdrawal;Rubber
5;Path;interface Loaf;Towels national;Avenue;ADP
6;Practical connect;override;Corporate;matrix protocol Handcrafted;Minnesota Estate magenta
7;array transmitting Frozen;Course;Yemen payment;Checking Congo Specialist;ivory
8;secondary;Bike;invoice Roads Executive;Indiana;Sleek Intelligent Cotton
9;Security;Dollar panel Fish;Regional teal generation;Michigan infrastructures;Dynamic Ohio architectures
10;orchid invoice lime;Cambridgeshire Arabia Frozen;Ball Ball circuit;groupware bypass;Investment Cheese Steel
