log_code;name;mime;length;data;data_content_type
1;International;Customer Avon ADP;78671;../fake-data/blob/hipster.png;image/png
2;input Paradigm ivory;virtual blockchains Division;93475;../fake-data/blob/hipster.png;image/png
3;Cambridgeshire deposit array;synthesize;75363;../fake-data/blob/hipster.png;image/png
4;Unbranded protocol;Car Kids Unbranded;26141;../fake-data/blob/hipster.png;image/png
5;Borders;Assistant Upgradable;83156;../fake-data/blob/hipster.png;image/png
6;purple Utah fresh-thinking;Inlet connecting;50430;../fake-data/blob/hipster.png;image/png
7;Peso Tuna Ergonomic;Avon;32513;../fake-data/blob/hipster.png;image/png
8;Accounts cross-platform;matrices expedite;94346;../fake-data/blob/hipster.png;image/png
9;Plastic;Lari Extension;40762;../fake-data/blob/hipster.png;image/png
10;Strategist Territory;productivity;62931;../fake-data/blob/hipster.png;image/png
